{
  "data_mean": 0.0157408956438303,
  "data_std": 0.35264408588409424,
  "dim_used": [
    4,
    5,
    6,
    7,
    8,
    9,
    10,
    11,
    12,
    13,
    14,
    15,
    16,
    17,
    18,
    19,
    20,
    21
  ]
}