{
  "data_mean": 44.66117477416992,
  "data_std": 435.1599426269531,
  "dim_used": [
    3,
    4,
    5,
    6,
    9,
    10,
    11,
    12,
    14,
    15,
    17,
    18,
    19,
    21,
    22,
    23,
    25,
    26,
    28,
    30,
    31,
    32,
    34,
    35,
    37
  ]
}