{
    "data_mean": 50.00309753417969,
    "data_std": 350.43157958984375,
    "dim_used": [
        2,
        3,
        4,
        5,
        7,
        8,
        9,
        10,
        12,
        13,
        14,
        15,
        17,
        18,
        19,
        21,
        22,
        25,
        26,
        27,
        29,
        30
    ]
}